id,category,name,slug,description,price,image_url,in_stock,sort_order,size,material,colour,sku,show
1,Sofas,Chesterfield Tufted Corner Sofa Set,chesterfield-tufted-corner-sofa-set,"Deep-buttoned corner sofa with gold-tipped legs and a matching tufted centre table with a glass top. Finished with contrast scatter cushions.",,chesterfield-tufted-corner-sofa-set.webp,yes,10,,,Beige with black and gold cushions,RA-SF-01,yes
2,Sofas,L-Shaped Sofa with Wooden Arms and Coffee Table,l-shaped-sofa-wooden-arms-coffee-table,"L-shaped sofa in grey upholstery with curved wooden arm panels and a corner side shelf. Comes with a square high-gloss coffee table.",,l-shaped-sofa-wooden-arms-coffee-table.webp,yes,20,,,Grey with wood finish,RA-SF-02,yes
3,Sofas,Recliner Sofa with Lounger and Console,recliner-sofa-lounger-console,"L-shaped recliner sofa with adjustable headrests, a built-in armrest console with cup holders, and a chaise lounger at one end.",,recliner-sofa-lounger-console.webp,yes,30,,,Beige,RA-SF-03,yes
4,Sofas,Custom Built-in Seating with Wooden Panel,custom-built-in-seating-wooden-panel,"Low L-shaped seating in channel-quilted upholstery on a wooden base, with a matching wooden back panel and shelves. Made to fit your room.",,custom-built-in-seating-wooden-panel.webp,yes,40,Made to measure,,Green with wood finish,RA-SF-04,yes
5,Dining,6-Seater Dining Set with Two-Tone Chairs,dining-set-6-seater-two-tone,"Rectangular dining table with a white marble-look top and gold base, and six chairs in teal and quilted white with gold-capped legs.",,dining-set-6-seater-two-tone.webp,yes,50,6 seater,,Teal and white,RA-DN-01,yes
6,Chairs,Tufted Dining Chairs Set of 6,tufted-dining-chairs-set-of-6,"Button-tufted dining chairs with scooped backs and solid wooden legs. Sold as a set of six.",,tufted-dining-chairs-set-of-6.webp,yes,60,Set of 6,,Teal blue,RA-CH-01,yes
7,Chairs,High-Back Tufted Wingback Chair,high-back-tufted-wingback-chair,"Tall wingback chair with a deep-buttoned back and dark wooden legs. A statement piece for a living room or study.",,high-back-tufted-wingback-chair.webp,yes,70,,,Tan,RA-CH-02,yes
8,Beds,Upholstered Bed with Curved Headboard,upholstered-bed-curved-headboard,"Double bed with a rounded, fabric-covered headboard and a padded frame.",,upholstered-bed-curved-headboard.webp,yes,80,,,Blue-grey,RA-BD-01,yes
9,Beds,Wooden Bed with Side Table,wooden-bed-with-side-table,"Low platform-style bed in a warm wood finish with a panelled headboard and a matching open bedside table.",,wooden-bed-with-side-table.webp,yes,90,,,Walnut-tone wood finish,RA-BD-02,yes
