id,category,name,slug,description,details,price,image_url,in_stock,sort_order,size,material,colour,sku,show
1,Office Chairs,"High-Back Mesh Office Chair, Grey",high-back-mesh-office-chair-grey,"Tall office chair with a mesh back and a built-in headrest, in light grey with a white frame. The mesh lets air through, so it stays cool on long workdays.","High back with a headrest|Mesh back lets air through|Padded seat and armrests|Wheels and a swivel base",,a2z-chair-high-back-mesh-grey.webp,yes,10,,Mesh and fabric,Light grey and white,,yes
2,Office Chairs,"Mesh Back Office Chair, Black",mesh-back-office-chair-black,"Office chair with a black mesh back and a soft padded seat. A good daily chair for desks at work or at home.","Mesh back with lower back support|Padded seat|Armrests on both sides|Wheels and a swivel base",,a2z-chair-mesh-back-black.webp,yes,20,,Mesh,Black,,yes
3,Workstations,"Bench Workstation, Walnut Top",bench-workstation-walnut-top,"Long bench workstation with a walnut finish top and black metal legs. Many people sit side by side, so it saves floor space in an open office. Cable holes on top keep wires tidy.","Long shared table for open offices|Walnut finish top|Black metal legs|Cable holes and a wire tray",,a2z-bench-workstation-walnut.webp,yes,30,,Engineered wood and metal,Walnut and black,,yes
4,Workstations,"L-Shape Workstation, Cream",l-shape-workstation-cream,"L-shape workstation with a cream top and grey side panels. The corner shape gives room for a computer on one side and papers on the other.","L-shape corner desk|Cream top with grey panels|Cable hole on the top|Metal legs",,a2z-l-shape-workstation-cream.webp,yes,40,,Engineered wood and metal,Cream and grey,,yes
5,Desks and Tables,"Executive Desk with Side Storage",executive-desk-side-storage,"Executive desk in a warm wood finish with open storage shelves on the side. Room for a laptop, files and books. A good desk for a manager's cabin.","Wood finish desk|Side unit with open shelves|Wide work top|For a manager's cabin or home office",,a2z-executive-desk-wood.webp,yes,50,,Engineered wood,Wood finish,,yes
6,Desks and Tables,"Office Table with Drawers",office-table-with-drawers,"Office table with three drawers on one side. The top drawer locks, so you can keep keys and papers safe.","3 drawers on one side|Lock on the top drawer|Shelf at the bottom|Cream and wood finish",,a2z-office-table-pedestal.webp,yes,60,,Engineered wood,Cream and wood,,yes
7,Desks and Tables,"L-Shape Corner Desk, White",l-shape-corner-desk-white,"White L-shape desk with a curved inner corner and metal legs. It fits into the corner of a room and gives a large work top.","L-shape with a curved corner|White top with a wood edge|Metal legs|Fits a room corner",,a2z-l-shape-desk-white.webp,yes,70,,Engineered wood and metal,White,,yes
8,Desks and Tables,"Office Table, Wood Top",office-table-wood-top,"Simple office table with a wood finish top, a white front panel and grey metal legs. Good for a reception, a small cabin or a home office.","Wood finish top|White front panel|Grey metal legs|Simple and strong",,a2z-office-table-wood-top.webp,yes,80,,Engineered wood and metal,Wood and white,,yes
9,Desks and Tables,"Office Table with Cable Box, White",office-table-cable-box-white,"White office table with a cable box on top for laptop chargers and phone cables. Clean and simple for a modern office.","White top and legs|Cable box on the top|Clean, simple design|Good for meeting rooms and cabins",,a2z-office-table-white.webp,yes,90,,Engineered wood and metal,White,,yes
10,Desks and Tables,"Height Adjustable Desk",height-adjustable-desk,"White desk you can raise or lower with a hand crank. Work sitting down or standing up. The handle sits under the top on one side.","Raise or lower with a hand crank|Sit or stand while you work|White top|Grey metal frame",,a2z-height-adjustable-desk.webp,yes,100,,Engineered wood and metal,White and grey,,yes
11,Storage,"Drawer Cabinet on Wheels, Black",drawer-cabinet-on-wheels-black,"Tall black metal cabinet with six drawers and small wheels. Keep files, stationery and papers close to your desk, and roll it where you need it.","6 drawers|Metal body|Small wheels at the bottom|Fits next to or under a desk",,a2z-drawer-cabinet-black.webp,yes,110,,Metal,Black,,yes
