id,category,name,slug,group,colour,sizes,sizes_out,size_chart,description,details,price,image_url,in_stock,sort_order,material,sku,show
1,Kurtis,"Anarkali Kurti, Maroon",anarkali-kurti-maroon,anarkali-kurti,Maroon,S|M|L|XL|XXL,XL,,"Long flared Anarkali kurti in deep maroon with a gold neckline. It sits well for festivals, pujas and family functions. Pair it with leggings or a churidar.","Calf length with a full flare|Three-quarter sleeves|Gold print on the neckline|Hand wash in cold water",1499,anarkali-kurti-maroon-front.webp|anarkali-kurti-maroon-back.webp,yes,10,Rayon,MB-AK-01,yes
2,Kurtis,"Anarkali Kurti, Teal",anarkali-kurti-teal,anarkali-kurti,Teal,S|M|L|XL|XXL,,,"The same Anarkali kurti in teal green with a gold neckline. Soft rayon that falls well and stays cool through the day.","Calf length with a full flare|Three-quarter sleeves|Gold print on the neckline|Hand wash in cold water",1499,anarkali-kurti-teal-front.webp|anarkali-kurti-teal-back.webp,yes,20,Rayon,MB-AK-02,yes
3,Kurtis,"Anarkali Kurti, Mustard",anarkali-kurti-mustard,anarkali-kurti,Mustard,S|M|L|XL|XXL,S|XXL,,"The Anarkali kurti in a bright mustard yellow with a maroon neckline. A good pick for haldi and daytime functions.","Calf length with a full flare|Three-quarter sleeves|Maroon print on the neckline|Hand wash in cold water",1499,anarkali-kurti-mustard-front.webp|anarkali-kurti-mustard-back.webp,yes,30,Rayon,MB-AK-03,yes
4,Kurtis,"Cotton Kurti, Indigo Blue",cotton-kurti-indigo-blue,cotton-kurti,Indigo Blue,S|M|L|XL|XXL,,,"Straight cotton kurti in indigo blue for daily wear. Light and easy to wash. Wear it to office or college.","Knee length, straight cut|Side slits for easy walking|Pure cotton, soft after every wash|Machine wash on gentle",899,cotton-kurti-blue-front.webp|cotton-kurti-blue-back.webp,yes,40,Cotton,MB-CK-01,yes
5,Kurtis,"Cotton Kurti, White",cotton-kurti-white,cotton-kurti,White,S|M|L|XL|XXL,M,,"The straight cotton kurti in white with a blue neckline. Simple and clean for daily wear.","Knee length, straight cut|Side slits for easy walking|Pure cotton, soft after every wash|Machine wash on gentle",899,cotton-kurti-white-front.webp|cotton-kurti-white-back.webp,yes,50,Cotton,MB-CK-02,yes
6,Kurta Sets,"Kurta Set with Dupatta, Rose Pink",kurta-set-rose-pink,,Rose Pink,M|L|XL,,,"Three-piece set with a rose pink kurta, matching pants and a light dupatta. Ready to wear for small functions and get-togethers.","Kurta, pants and dupatta in one set|Kurta is hip length|Pants have an elastic waist|Dry clean the dupatta",2499,kurta-set-pink-front.webp|kurta-set-pink-back.webp,yes,60,Cotton silk,MB-KS-01,yes
7,Lehengas,"Lehenga Choli, Red",lehenga-choli-red,,Red,S|M|L,,,"Red lehenga with a gold border, a matching choli and a net dupatta. Made for weddings and big functions.","Full flared skirt with a gold border|Choli has a back hook and can be altered|Net dupatta included|Dry clean only",6999,lehenga-red-front.webp|lehenga-red-back.webp,yes,70,Silk blend,MB-LC-01,yes
8,Sarees,"Cotton Saree, Green",cotton-saree-green,,Green,,,,"Green cotton saree with a gold border for daily and office wear. Comes with a blouse piece you can stitch to your size.","6.3 m with blouse piece|Gold border on both sides|Light and cool for summer|Hand wash the first time",1299,cotton-saree-green-front.webp|cotton-saree-green-back.webp,yes,80,Cotton,MB-SR-01,yes
9,Blouses,"Readymade Blouse, Black",readymade-blouse-black,,Black,32|34|36|38|40,40,blouse-size-chart.webp,"Black readymade blouse with a gold edge. It goes with most silk and cotton sarees. Pick your bust size from the chart.","Short sleeves|Front hooks and a padded lining|Gold edge on the sleeves and neck|Hand wash in cold water",699,blouse-black-front.webp|blouse-black-back.webp,yes,90,Cotton,MB-BL-01,yes
10,Kids,"Girls Frock, Yellow",girls-frock-yellow,,Yellow,2-3Y|4-5Y|6-7Y,,kids-size-chart.webp,"Bright yellow party frock for girls with a full flare and soft lining inside. Easy for kids to wear all day.","Soft cotton lining inside|Zip at the back|Full flare that kids love to twirl|Machine wash on gentle",999,girls-frock-yellow-front.webp|girls-frock-yellow-back.webp,yes,100,Cotton,MB-KD-01,yes
