id,category,name,slug,description,details,sizes,price,image_url,in_stock,sort_order,material,colour,show
1,Designer Blouses,Red Maggam Work Bridal Blouse,red-maggam-work-bridal-blouse,Bridal blouse in red with heavy maggam work all over. The open back has a temple design and a pair of peacocks. Made for wedding silk sarees.,"Heavy maggam work on the front, back and sleeves|Open back with a temple and peacock design|Elbow-length sleeves|Pairs with red, gold and green silk sarees",32|34|36|38|40|42,,vb-red-maggam-bridal-blouse.webp,yes,10,,Red and gold,yes
2,Designer Blouses,Purple Velvet Maggam Work Blouse,purple-velvet-maggam-work-blouse,"Purple velvet blouse with gold maggam work on the sleeves, with stones and a peacock motif. A rich choice for festivals and wedding functions.",Purple velvet|Gold maggam work with stones|Peacock motif on the sleeve|Short sleeves with a wide border,32|34|36|38|40|42,,vb-purple-velvet-maggam-blouse.webp,yes,20,Velvet,Purple and gold,yes
3,Designer Blouses,Wine Satin Puff Sleeve Blouse,wine-satin-puff-sleeve-blouse,Wine satin blouse with puff sleeves and a wide gold embroidered border on each sleeve. Shown with a copper silk saree.,Puff sleeves|Gold embroidered sleeve border|Soft satin shine|Goes with copper and gold sarees,32|34|36|38|40|42,,vb-wine-satin-puff-sleeve-blouse.webp,yes,30,Satin,Wine,yes
4,Designer Blouses,Parrot Green Embroidered Blouse,parrot-green-embroidered-blouse,"Parrot green blouse with pink flowers and fine gold lines embroidered on the sleeves. A bright, light blouse for haldi, mehendi and day functions.",Pink flower embroidery|Fine gold line work|Elbow-length sleeves|Good for day functions,32|34|36|38|40|42,,vb-parrot-green-embroidered-blouse.webp,yes,40,,Parrot green and pink,yes
5,Designer Blouses,Purple Maggam Blouse with Silk Saree,purple-maggam-blouse-silk-saree,"Purple blouse with red and gold maggam work on the neck and sleeves, styled with a red and gold silk saree.","Maggam work on the neck and sleeves|Red, gold and green colour work|Shown with a red silk saree|Ask us about the saree",32|34|36|38|40|42,,vb-purple-maggam-blouse-silk-saree.webp,yes,50,,"Purple, red and gold",yes
6,Designer Blouses,Royal Blue Blouse with Tassel Sleeves,royal-blue-blouse-tassel-sleeves,Royal blue blouse with gold zari work on the sleeves and hanging bead tassels. A simple body with a lot of detail where it shows.,Gold zari work on the sleeves|Hanging bead tassels|Small hand-sewn motifs|Royal blue body,32|34|36|38|40|42,,vb-royal-blue-tassel-sleeve-blouse.webp,yes,60,,Royal blue and gold,yes
7,Lehengas,Wine Velvet Bridal Lehenga,wine-velvet-bridal-lehenga,Bridal lehenga in deep wine velvet with gold embroidery all over the skirt. It comes with a peach net dupatta that has a heavy gold border.,Wine velvet skirt|Gold embroidery all over|Peach net dupatta with a gold border|Made for the wedding day,S|M|L|XL|XXL,,vb-wine-velvet-bridal-lehenga.webp,yes,70,Velvet and net,Wine and peach,yes
8,Lehengas,Silver Grey Embellished Lehenga,silver-grey-embellished-lehenga,"Silver grey lehenga covered in raised flower work, with a ruffled dupatta. A soft, shining look for receptions and engagements.",Raised flower work all over|Ruffled dupatta|Matching blouse with short sleeves|Good for receptions and engagements,S|M|L|XL|XXL,,vb-silver-grey-embellished-lehenga.webp,yes,80,,Silver grey,yes
9,Lehengas,Royal Blue Lehenga with One-Shoulder Top,royal-blue-lehenga-one-shoulder-top,"Royal blue lehenga with silver thread work, worn with a one-shoulder top and a matching sheer dupatta. A modern look for sangeet and cocktail nights.",One-shoulder top|Silver thread work on the skirt|Sheer blue dupatta|Good for sangeet and parties,S|M|L|XL|XXL,,vb-royal-blue-lehenga-one-shoulder.webp,yes,90,,Royal blue and silver,yes
10,Lehengas,Green Lehenga with Grey Net Dupatta,green-lehenga-grey-net-dupatta,"Green silk lehenga with a wide border, a grey blouse with silver work and a grey net dupatta. A fresh mix of colours for festivals.",Green silk skirt with a wide border|Grey blouse with silver work|Grey net dupatta|Good for festivals and family functions,S|M|L|XL|XXL,,vb-green-lehenga-grey-dupatta.webp,yes,100,Silk and net,Green and grey,yes
11,Lehengas,Black and Gold Brocade Lehenga,black-gold-brocade-lehenga,"Black lehenga with gold flower brocade and a full flare, worn with a gold sleeveless top. A bold look for evening functions.",Full flared skirt|Gold flower brocade|Gold sleeveless top|Good for evening functions,S|M|L|XL|XXL,,vb-black-gold-brocade-lehenga.webp,yes,110,Brocade,Black and gold,yes
12,Lehengas,Silver Lehenga with Yellow Crop Top,silver-lehenga-yellow-crop-top,"Silver lehenga with soft print work, a yellow strapless crop top and a yellow dupatta. A bright, easy pick for haldi and day functions.",Silver skirt with print work|Yellow strapless crop top|Yellow dupatta with a border|Good for haldi and day functions,S|M|L|XL|XXL,,vb-silver-lehenga-yellow-crop-top.webp,yes,120,,Silver and yellow,yes
13,Lehengas,Gold Pattu Lehenga with Purple Dupatta,gold-pattu-lehenga-purple-dupatta,"Gold pleated pattu lehenga with a wide red and gold border, a purple blouse and a purple dupatta. A traditional bridal look for South Indian weddings.",Pleated pattu skirt|Wide red and gold border|Purple blouse and dupatta|Traditional bridal look,S|M|L|XL|XXL,,vb-gold-pattu-lehenga-purple-dupatta.webp,yes,130,Silk,"Gold, red and purple",yes
14,Gowns,Pink Net Ball Gown,pink-net-ball-gown,"Pink net ball gown with a white embroidered bodice and a long, wide flowing layer. A soft look for engagements and birthday parties.",Layered pink net|White embroidered bodice|Off-shoulder sleeves|Good for engagements and parties,S|M|L|XL|XXL,,vb-pink-net-gown.webp,yes,140,Net,Pink and white,yes
15,Gowns,Bronze Sequin Ball Gown,bronze-sequin-ball-gown,"Bronze sequin ball gown with a full flare and a black top with folded, pointed shoulders. A statement gown for receptions and cocktail parties.",Bronze sequin skirt|Black top with folded shoulders|Full flared shape|Good for receptions and parties,S|M|L|XL|XXL,,vb-bronze-sequin-ball-gown.webp,yes,150,Sequin,Bronze and black,yes
16,Gowns,Ivory Ruffle Gown with Flower Hem,ivory-ruffle-gown-flower-hem,"Ivory gown with a one-shoulder ruffle, a flower-trimmed bodice and 3D flowers along the hem. A light, graceful gown for receptions and photo shoots.",One-shoulder ruffle|Flowers on the bodice|3D flowers along the hem|Soft shimmer net,S|M|L|XL|XXL,,vb-ivory-ruffle-gown.webp,yes,160,Net,Ivory,yes
17,Gowns,Mustard Brocade Gown,mustard-brocade-gown,"Mustard brocade gown with a full skirt and a wide ivory collar. A bright, festive gown for weddings and parties.",Mustard brocade with a soft sheen|Full skirt|Wide ivory collar|Good for weddings and parties,S|M|L|XL|XXL,,vb-mustard-brocade-gown.webp,yes,170,Brocade,Mustard and ivory,yes
18,Sarees and Half Sarees,Purple Half Saree with Mustard Maggam Blouse,purple-half-saree-mustard-maggam-blouse,"Purple and gold half saree with a mustard blouse that has purple maggam work on the sleeves, and a waist belt with gold work.",Purple and gold half saree|Mustard blouse with maggam sleeves|Gold work waist belt|Good for festivals and family functions,S|M|L|XL|XXL,,vb-purple-half-saree-mustard-blouse.webp,yes,180,,"Purple, mustard and gold",yes
19,Sarees and Half Sarees,Blue Checked Silk Saree with Pink Border,blue-checked-silk-saree-pink-border,"Blue checked silk saree with a rich pink and gold border and pallu, worn with a pink blouse. A classic silk saree for weddings and festivals.",Blue checks on the body|Pink and gold border and pallu|Pink blouse|Good for weddings and festivals,,,vb-blue-checked-silk-saree.webp,yes,190,Silk,"Blue, pink and gold",yes
20,Sarees and Half Sarees,"Silk Saree and Ivory Sherwani, Couple Set",silk-saree-ivory-sherwani-couple-set,"A matching wedding look for the couple: an ivory sherwani for him, and a red and blue silk saree with a gold border for her.",Ivory sherwani with gold buttons|Red and blue silk saree|Gold border|Made for weddings and receptions,,,vb-couple-sherwani-silk-saree.webp,yes,200,Silk,"Ivory, red and blue",yes
21,Kids,Boys Peach Kurta and Dhoti Set,boys-peach-kurta-dhoti-set,"Peach kurta with gold and red embroidery for little boys, with a cream dhoti that has a gold border. Made for naming ceremonies, first birthdays and festivals.",Peach kurta with embroidery|Cream dhoti with a gold border|Front buttons|For naming ceremonies and first birthdays,6-12M|1-2Y|2-3Y|3-4Y,,vb-boys-peach-kurta-dhoti.webp,yes,210,,Peach and cream,yes
22,Kids,"Girls Net Frocks, Yellow and Coral",girls-net-frocks-yellow-coral,"Two matching party frocks for sisters, with yellow flower-work tops and coral net skirts with flower patches.",Yellow tops with flower work|Layered coral net skirts|Flower patches on the skirt|Matching set for sisters,1-2Y|2-3Y|4-5Y|6-7Y,,vb-sister-frocks-yellow-coral.webp,yes,220,Net,Yellow and coral,yes
