id,category,name,slug,description,price,image_url,in_stock,sort_order,size,material,colour,brand,moq,warranty,sku,show
1,Silk Sarees,Kanchipuram Silk Saree Maroon,kanchipuram-silk-saree-maroon,"Pure silk Kanchipuram saree with a gold zari border and contrast pallu. Comes with an unstitched blouse piece.",18500,kanchi-silk-maroon.webp,yes,10,6.3 m with blouse,Pure mulberry silk,Maroon and gold,,1,,VS-KSS-01,yes
2,Silk Sarees,Kanchipuram Silk Saree Mustard,kanchipuram-silk-saree-mustard,"Mustard Kanchipuram silk with a temple border. Second photo shows the pallu.",16500,kanchi-silk-mustard.webp|kanchi-silk-mustard-pallu.webp,yes,20,6.3 m with blouse,Pure mulberry silk,Mustard and green,,1,,VS-KSS-02,yes
3,Silk Sarees,Soft Silk Saree Peacock Blue,soft-silk-saree-peacock-blue,"Light soft silk for everyday functions. Easy to drape and easy to maintain.",7200,soft-silk-peacock.webp,yes,30,6.2 m with blouse,Soft silk,Peacock blue,,1,,VS-SS-01,yes
4,Cotton Sarees,Chettinad Cotton Saree Checks,chettinad-cotton-saree-checks,"Handloom Chettinad cotton in bold checks. Breathable for daily wear.",1450,chettinad-cotton-checks.webp,yes,40,5.5 m,Handloom cotton,Rust and black,,5,,VS-CT-01,yes
5,Cotton Sarees,Kalamkari Print Cotton Saree,kalamkari-print-cotton-saree,"Hand block Kalamkari print on soft cotton. New stock arrives every month.",1250,kalamkari-cotton.webp,no,50,5.5 m,Cotton,Indigo and cream,,5,,VS-CT-02,yes
6,Silk Cotton Sarees,Silk Cotton Saree Pastel Pink,silk-cotton-saree-pastel-pink,"Silk cotton with a thin zari border. Good for office and small functions.",3400,silk-cotton-pink.webp,yes,60,6 m with blouse,Silk cotton,Pastel pink,,1,,VS-SC-01,yes
7,Kids Wear,Pattu Pavadai Set for Girls,pattu-pavadai-set-for-girls,"Silk pavadai and blouse set. Made to size for ages 2 to 12. Price depends on size.",,pattu-pavadai-kids.webp,yes,70,Ages 2 to 12,Art silk,Mixed colours,,1,,VS-KW-01,yes
8,Men's Wear,Silk Dhoti with Angavastram,silk-dhoti-with-angavastram,"Pure silk dhoti with a matching angavastram and a gold zari border.",2800,silk-dhoti-set.webp,yes,80,4 m dhoti and 2 m angavastram,Pure silk,Cream and gold,,1,,VS-MW-01,yes
9,Silk Sarees,Old Stock Saree,old-stock-saree,"Hidden row. Should not appear anywhere.",999,kanchi-silk-maroon.webp,yes,90,,,,,,,VS-OLD,no
